Date,Shape,Rate
2018-12-02,3.3062245292019363,0.31662925511461343
2018-12-03,3.3062245292019363,0.31662925511461343
2018-12-04,3.3062245292019363,0.31662925511461343
2018-12-05,3.3062245292019363,0.31662925511461343
2018-12-06,3.3062245292019363,0.31662925511461343
2018-12-07,3.3062245292019363,0.31662925511461343
2018-12-08,3.3062245292019363,0.31662925511461343
2018-12-09,3.3062245292019363,0.31662925511461343
2018-12-10,3.3062245292019363,0.31662925511461343
2018-12-11,3.3062245292019363,0.31662925511461343
2018-12-12,3.3062245292019363,0.31662925511461343
2018-12-13,3.3062245292019363,0.31662925511461343
2018-12-14,3.3062245292019363,0.31662925511461343
2018-12-15,3.3062245292019363,0.31662925511461343
2018-12-16,3.3062245292019363,0.31662925511461343
2018-12-17,3.3062245292019363,0.31662925511461343
2018-12-18,3.3062245292019363,0.31662925511461343
2018-12-19,3.3062245292019363,0.31662925511461343
2018-12-20,3.3062245292019363,0.31662925511461343
2018-12-21,3.3062245292019363,0.31662925511461343
2018-12-22,3.3062245292019363,0.31662925511461343
2018-12-23,3.3062245292019363,0.31662925511461343
2018-12-24,3.3062245292019363,0.31662925511461343
2018-12-25,3.3062245292019363,0.31662925511461343
2018-12-26,3.3062245292019363,0.31662925511461343
2018-12-27,3.3062245292019363,0.31662925511461343
2018-12-28,3.3062245292019363,0.31662925511461343
2018-12-29,3.3062245292019363,0.31662925511461343
2018-12-30,3.3062245292019363,0.31662925511461343
2018-12-31,3.3062245292019363,0.31662925511461343
2019-01-01,3.3062245292019363,0.31662925511461343
2019-01-02,3.319193229072416,0.31784029634604527
2019-01-03,3.335444716207167,0.3193399273224736
2019-01-04,3.349565201005644,0.3206786401154441
2019-01-05,3.351278134241271,0.3209668716903046
2019-01-06,3.3291294491963628,0.31908556539080624
2019-01-07,3.275691745396907,0.31409801029620127
2019-01-08,3.190415676314741,0.30562397513482276
2019-01-09,3.0794889611213856,0.2940216722342794
2019-01-10,2.9542165631724373,0.28032506058784873
2019-01-11,2.8285930097435736,0.2659383746328405
2019-01-12,2.715229068418672,0.2521129908568186
2019-01-13,2.621517111208961,0.23953662344681778
2019-01-14,2.55016715482127,0.2284482066705777
2019-01-15,2.502314065010007,0.21899994204924222
2019-01-16,2.479155364809463,0.21142482732887233
2019-01-17,2.482269111581026,0.20602716090878348
2019-01-18,2.513038711126207,0.20306724257549594
2019-01-19,2.571892061413309,0.20265773136527385
2019-01-20,2.6587555752973344,0.20478915205215747
2019-01-21,2.7737502246503616,0.2094064584140918
2019-01-22,2.9169701303756095,0.21648628761981206
2019-01-23,3.0874429199819704,0.22607389645902132
2019-01-24,3.2803359171027395,0.23813235999305085
2019-01-25,3.4827915091806605,0.2522246986177474
2019-01-26,3.673603410685982,0.2673733112138534
2019-01-27,3.829406989556959,0.282271662322977
2019-01-28,3.9320893182511174,0.29561325737149213
2019-01-29,3.9737650499470267,0.30642722945195827
2019-01-30,3.959346241416821,0.314389899746731
2019-01-31,3.9047467542635164,0.31987012980665797
2019-02-01,3.830186583047106,0.3236215661817096
2019-02-02,3.7526338862608366,0.32637422102777186
2019-02-03,3.6827215715228467,0.32866480975234436
2019-02-04,3.6258195832950797,0.33085637568346354
2019-02-05,3.5827358027506797,0.3330634492429066
2019-02-06,3.5503319213686213,0.3351286132260705
2019-02-07,3.5241560039166626,0.33681460163316174
2019-02-08,3.500423437408868,0.33794613190499084
2019-02-09,3.4755167270900027,0.3384044545196529
2019-02-10,3.4452976839952996,0.33811880667704136
2019-02-11,3.4054364755905406,0.3370406255210497
2019-02-12,3.352119993934486,0.335096507890223
2019-02-13,3.2834892439120815,0.3322374455468034
2019-02-14,3.2012162134728537,0.3285096658838491
2019-02-15,3.110112203326495,0.32399401483716217
2019-02-16,3.0164385115820593,0.31879771026875514
2019-02-17,2.9268297724732135,0.31317257852066016
2019-02-18,2.84697088722418,0.30742115660130676
2019-02-19,2.779931944336456,0.3016343746581415
2019-02-20,2.72643456578567,0.2957161427718269
2019-02-21,2.6868071725722436,0.28968586962286874
2019-02-22,2.661793570696153,0.28385174845058236
2019-02-23,2.6512250980349927,0.27865388715767603
2019-02-24,2.6525966956097586,0.27436157901133684
2019-02-25,2.662029529642231,0.27099528644470466
2019-02-26,2.67663701364548,0.26852062476465594
2019-02-27,2.695085770705587,0.26697112607820017
2019-02-28,2.716463828794318,0.26638658571296064
2019-03-01,2.7393563455507977,0.2667024955275564
2019-03-02,2.7609332945242007,0.26759514442685106
2019-03-03,2.7764786897263205,0.2684217947915796
2019-03-04,2.7805595659374576,0.26843157449603866
2019-03-05,2.7689541967047595,0.26703832302075275
2019-03-06,2.7402469482577096,0.26395476208601676
2019-03-07,2.6971904339803356,0.25927046014861416
2019-03-08,2.647227577052712,0.25350633025016933
2019-03-09,2.600834756287517,0.24755070217875513
2019-03-10,2.5679829830507344,0.2424046062198671
2019-03-11,2.555356942697013,0.23885387508302075
2019-03-12,2.566091658464023,0.2373269842575972
2019-03-13,2.6005718393422477,0.23794871104474102
2019-03-14,2.656871023100676,0.24061932694940272
2019-03-15,2.731361570321932,0.24509432331112857
2019-03-16,2.819501664099562,0.251070924454925
2019-03-17,2.9162701601223433,0.2582465588730125
2019-03-18,3.0162920888246822,0.26632499985319363
2019-03-19,3.113961484760308,0.2749853939052372
2019-03-20,3.204026221928995,0.2838809476864817
2019-03-21,3.2820334213059597,0.2926508892504204
2019-03-22,3.3442154199895615,0.300946357796639
2019-03-23,3.388087594874703,0.30853163444234205
2019-03-24,3.4137225054222733,0.3153785113690053
2019-03-25,3.4235755832222474,0.3216192170270643
2019-03-26,3.420224660022746,0.3273799178193226
2019-03-27,3.404781222372251,0.3326784495057266
2019-03-28,3.377872478161462,0.3374600776720781
2019-03-29,3.3409819867158093,0.3416313910609882
2019-03-30,3.2962047784457313,0.34503401879521733
2019-03-31,3.245389197811182,0.3474478423063796
2019-04-01,3.1899652072170293,0.3486733117735347
2019-04-02,3.131876169650299,0.3486819104588992
2019-04-03,3.074614846669986,0.3477332763537436
2019-04-04,3.0224690185313796,0.34627425840957804
2019-04-05,2.9786321337242554,0.3446774783762859
2019-04-06,2.944633482084016,0.3431289867145098
2019-04-07,2.9209220906369557,0.3417181532616259
2019-04-08,2.906573884507223,0.3404391888271711
2019-04-09,2.8984238337165777,0.3390352592389025
2019-04-10,2.8917968876083266,0.33699861213717397
2019-04-11,2.8833116526622584,0.3339339883164339
2019-04-12,2.8736307033062127,0.3300267373117884
2019-04-13,2.8673009526774247,0.3260882333245625
2019-04-14,2.8698230301274488,0.3231234071094976
2019-04-15,2.8849815694673406,0.3219004127793734
2019-04-16,2.9141630000763747,0.3228137984855099
2019-04-17,2.956992549561792,0.32597649647594656
2019-04-18,3.0118537754643446,0.33135246646025945
2019-04-19,3.075485378828696,0.33875938506504294
2019-04-20,3.1419833179892547,0.34771828445801367
2019-04-21,3.203353513906154,0.3574099228105047
2019-04-22,3.253260629653038,0.36701155571747895
2019-04-23,3.2907527543903665,0.376142938783764
2019-04-24,3.3198437375939047,0.38493650278615477
2019-04-25,3.3460359397544663,0.3937662314132869
2019-04-26,3.373151820722543,0.40295244376502276
2019-04-27,3.402255877721866,0.41261051771261587
2019-04-28,3.4325322698945926,0.42265153903792324
2019-04-29,3.4620359934703906,0.4327669564972706
2019-04-30,3.486907874461591,0.44230528839391936
2019-05-01,3.5014002661542114,0.45034575061053633
2019-05-02,3.501010526158125,0.456195350013258
2019-05-03,3.485795533691194,0.4598377591890435
2019-05-04,3.4595734364676347,0.46174575756539465
2019-05-05,3.426166774808709,0.46232733160879597
2019-05-06,3.3874988809279976,0.4617127661477015
2019-05-07,3.3448830525870283,0.45996613071852366
2019-05-08,3.3007349606266554,0.45734027047806297
2019-05-09,3.258361994573953,0.45427694674602176
2019-05-10,3.220264427031508,0.45111879511031877
2019-05-11,3.187665796544935,0.4479906702565865
2019-05-12,3.161618649274331,0.4450303874712731
2019-05-13,3.1429567223517414,0.44244198432094073
2019-05-14,3.1313760960667754,0.4403231668718618
2019-05-15,3.125646125642766,0.43864980856541846
2019-05-16,3.1240222050273694,0.4372969363954305
2019-05-17,3.12432594194569,0.4360444823580554
2019-05-18,3.124902009406217,0.4347774908867204
2019-05-19,3.125515644555789,0.4336469754878722
2019-05-20,3.126807306710147,0.4329473010526558
2019-05-21,3.12963968132803,0.43297023039906446
2019-05-22,3.1352044811344952,0.4340171592224714
2019-05-23,3.145024049195569,0.4364427548109348
2019-05-24,3.1601173461821266,0.44054043490127026
2019-05-25,3.179183804236405,0.4462074108760893
2019-05-26,3.1976511703598303,0.45274307672311526
2019-05-27,3.209320265658182,0.4590807568832825
2019-05-28,3.2095463501803887,0.46421820523554985
2019-05-29,3.197681218337671,0.4675323246631296
2019-05-30,3.1766005761548923,0.46880336194775307
2019-05-31,3.1501546842931356,0.4680275480156869
2019-06-01,3.1217743094589476,0.46536473771799464
2019-06-02,3.0948024168683057,0.4613019646534223
2019-06-03,3.072658741454159,0.4567057863707088
2019-06-04,3.057641422714326,0.45248839070053093
2019-06-05,3.0497453832305,0.44916623685562423
2019-06-06,3.047269209879786,0.44678144940543624
2019-06-07,3.0482278667009686,0.4451272724291022
2019-06-08,3.0512445749311046,0.44399759687355517
2019-06-09,3.056196699297861,0.44337544367874065
2019-06-10,3.064712715443953,0.4435352414449444
2019-06-11,3.0795558443302493,0.4449669391736517
2019-06-12,3.1021965419159447,0.4480505083647492
2019-06-13,3.1308139268280524,0.45279460613814926
2019-06-14,3.161062549613032,0.4588972592884591
2019-06-15,3.1874096781705794,0.4657394454601649
2019-06-16,3.2038094196968046,0.4722708340719622
2019-06-17,3.205948441020241,0.47733399230800366
2019-06-18,3.1938970077149813,0.48026911429467
2019-06-19,3.1719134513179346,0.48112939570770535
2019-06-20,3.1459558409819404,0.4804155008741278
2019-06-21,3.1214455328975155,0.47872542358993214
2019-06-22,3.1018803277089466,0.4765329566082909
2019-06-23,3.0877308209398535,0.47401826975076766
2019-06-24,3.0766375322419726,0.4710633201700867
2019-06-25,3.0652960340767765,0.4674958676651733
2019-06-26,3.0510914678379333,0.46327379478721786
2019-06-27,3.032745113515783,0.45845579154193916
2019-06-28,3.0107302922131995,0.45319326036282237
2019-06-29,2.9873564968460173,0.4478621659969622
2019-06-30,2.9660842691445017,0.4430719465637977
2019-07-01,2.9504465125051778,0.43941276324945655
2019-07-02,2.9431893509529137,0.43723861710494843
2019-07-03,2.945969928888523,0.43673871241550843
2019-07-04,2.959475128403887,0.43812021230647186
2019-07-05,2.98320102829479,0.44158463611455956
2019-07-06,3.0146732879756537,0.44707239075294747
2019-07-07,3.0490343491489966,0.4540139454422254
2019-07-08,3.08025227855964,0.4614169223312749
2019-07-09,3.1034549288442896,0.46826614566201197
2019-07-10,3.1160457973928275,0.47374699069359205
2019-07-11,3.1173623665790613,0.4772342818164691
2019-07-12,3.1086819112116064,0.47841040675221763
2019-07-13,3.0938094141838697,0.4774885002688864
2019-07-14,3.078579250019128,0.4752034093571648
2019-07-15,3.0682070237020924,0.4723640057921532
2019-07-16,3.0650014369636347,0.46940961305683
2019-07-17,3.068919432510567,0.4665027170878382
2019-07-18,3.078970578546744,0.4637844089686985
2019-07-19,3.0937930337443076,0.46140106745632553
2019-07-20,3.1122097809289175,0.45950577409995763
2019-07-21,3.133432550791891,0.4582885822498656
2019-07-22,3.1566023571053234,0.4579586579655878
2019-07-23,3.1808414879628795,0.4587450943829588
2019-07-24,3.2057054732819825,0.4608351130985049
2019-07-25,3.2306183980004555,0.46412847275577784
2019-07-26,3.253813036904393,0.4680846752100058
2019-07-27,3.272457157271331,0.4719378750835156
2019-07-28,3.2838774710573433,0.47499533458802096
2019-07-29,3.2866218791038535,0.47674818204613567
2019-07-30,3.280902711594052,0.47697732851544045
2019-07-31,3.2683095750139888,0.475834040477438
2019-08-01,3.2505959763534022,0.4736551042196575
2019-08-02,3.2290887791779275,0.47077033353436715
2019-08-03,3.2052180200017046,0.4674873129115985
2019-08-04,3.180319111473304,0.4640347616655771
2019-08-05,3.1553450819750233,0.4605929717625748
2019-08-06,3.131549325140595,0.4574644248017276
2019-08-07,3.111086579730918,0.4551003561849091
2019-08-08,3.09695338631133,0.45397881125272005
2019-08-09,3.0916154368142768,0.45434739654744344
2019-08-10,3.094709774892149,0.45588434606867617
2019-08-11,3.102882978348436,0.45779152626268604
2019-08-12,3.112586568628419,0.4594028606020634
2019-08-13,3.122282671544352,0.46054243486299884
2019-08-14,3.13187112619847,0.46128635435339516
2019-08-15,3.1410783017040265,0.46162649336037176
2019-08-16,3.1489136850371735,0.4614617422811301
2019-08-17,3.15415590753601,0.4607801181766511
2019-08-18,3.1559021066926256,0.4597261221599932
2019-08-19,3.1540630455050223,0.4585860783975863
2019-08-20,3.1497659269318206,0.4578047226369061
2019-08-21,3.145035588207594,0.4578773771526096
2019-08-22,3.1420600919567065,0.45910600590812334
2019-08-23,3.142902811917677,0.4614930267617123
2019-08-24,3.149267010790545,0.4648365400460551
2019-08-25,3.162075324336075,0.46888874508584677
2019-08-26,3.1812469216126584,0.47347954378483914
2019-08-27,3.205596952155898,0.4785526692553671
2019-08-28,3.2329757988891603,0.4841596403717838
2019-08-29,3.260349142425043,0.49039967519821326
2019-08-30,3.283948974266788,0.49727472003903506
2019-08-31,3.30077744080851,0.5046183553401047
2019-09-01,3.310208515184183,0.5121059064749032
2019-09-02,3.3129592197533926,0.5191412856265645
2019-09-03,3.3089461385020607,0.5247905791727653
2019-09-04,3.2973636849458408,0.5280760899440227
2019-09-05,3.2779247278578465,0.5283082467047058
2019-09-06,3.250851557329502,0.5250903952505885
2019-09-07,3.216905031937962,0.518388693210149
2019-09-08,3.1785810565857395,0.5088306839325935
2019-09-09,3.1402801172632406,0.49764783767053694
2019-09-10,3.1059458699080804,0.48605214459990453
2019-09-11,3.0763241443446696,0.47461342353781377
2019-09-12,3.049366661384507,0.46328822116416507
2019-09-13,3.023696336367647,0.4520304552636532
2019-09-14,3.0010916623505786,0.4412610428124456
2019-09-15,2.985796618832786,0.4318437712408163
2019-09-16,2.9819876726773513,0.42471395343793383
2019-09-17,2.991522171832476,0.4204138714753901
2019-09-18,3.0133067810766256,0.41889633406371085
2019-09-19,3.043665826561689,0.4196292726895264
2019-09-20,3.0773049830642134,0.42182103961369494
2019-09-21,3.1094828098289473,0.4247689132210153
2019-09-22,3.1375209895710023,0.4280694737463814
2019-09-23,3.1600076097612515,0.43145006042266837
2019-09-24,3.1758336279663486,0.43455439036121374
2019-09-25,3.1845723020542245,0.43696991065824997
2019-09-26,3.186895879246493,0.43835371972884596
2019-09-27,3.1842735780970637,0.438514835094721
2019-09-28,3.178661197000689,0.4374837151146785
2019-09-29,3.1723475177474603,0.4355297693507644
2019-09-30,3.1675502280829644,0.43308024115065274
2019-10-01,3.166144674844643,0.43062637593478764
2019-10-02,3.1700222123470176,0.42868876808217515
2019-10-03,3.1811970113949872,0.42781750013922826
2019-10-04,3.200900441984515,0.42852207091925504
2019-10-05,3.2285060188135026,0.43108315282269033
2019-10-06,3.2608894542410534,0.43533557322227806
2019-10-07,3.2924768020611985,0.4405783107295193
2019-10-08,3.3165605216685563,0.4457576024115302
2019-10-09,3.327627555103516,0.4499064256353222
2019-10-10,3.3235586121403906,0.4525791948104847
2019-10-11,3.3060135670657385,0.45393463076080875
2019-10-12,3.2789729822110765,0.45446842047991076
2019-10-13,3.247409451864962,0.4547370189185629
2019-10-14,3.216247219361233,0.45517729516842054
2019-10-15,3.1889295903757646,0.45593446400231297
2019-10-16,3.1660211603689774,0.4567129610205321
2019-10-17,3.145045498105916,0.4568205152993864
2019-10-18,3.122492397535835,0.45552181246823414
2019-10-19,3.096157688584501,0.45239928130795204
2019-10-20,3.0661930585657875,0.447513679117408
2019-10-21,3.034723368631363,0.44135241850220974
2019-10-22,3.003463497639392,0.43442432995183816
2019-10-23,2.9714357411163346,0.4268277671130614
2019-10-24,2.935101356148113,0.41819139158218044
2019-10-25,2.8902317591430937,0.40791397424589226
2019-10-26,2.834454461419303,0.3955823970273505
2019-10-27,2.7690136356325046,0.3813087167814919
2019-10-28,2.698548617160974,0.3657312901547737
2019-10-29,2.6292844994305367,0.3497701283068205
2019-10-30,2.566565355316057,0.3342636755101915
2019-10-31,2.5132614510123865,0.31968271931134834
2019-11-01,2.4698145317137445,0.306123300167576
2019-11-02,2.4350585520960264,0.29345297905113593
2019-11-03,2.4075327095990655,0.2815122066646097
2019-11-04,2.386943953055257,0.2703377094749147
2019-11-05,2.374553264883441,0.2602055009235072
2019-11-06,2.3722582518798534,0.25147607993887544
2019-11-07,2.3814437620405133,0.24442852905990156
2019-11-08,2.4025356710413703,0.2391640659859749
2019-11-09,2.4351863553594333,0.2356106296660867
2019-11-10,2.4786434245839053,0.23362257901612385
2019-11-11,2.531906544721046,0.2330442614127335
2019-11-12,2.5934429750143515,0.2336907685637965
2019-11-13,2.6608161146075484,0.2353416020808519
2019-11-14,2.7302592986232446,0.23773145369050444
2019-11-15,2.7961797177824255,0.2404910604608082
2019-11-16,2.8517025543850867,0.24314354341404626
2019-11-17,2.8908060330946426,0.2452302808126449
2019-11-18,2.91103463497409,0.2465049512986541
2019-11-19,2.9150990675723665,0.2470805130961374
2019-11-20,2.909919702363669,0.24739796027968064
2019-11-21,2.9039085136953404,0.24801927931167206
2019-11-22,2.904766192206287,0.24942484383562533
2019-11-23,2.9185056013582567,0.2519432711759909
2019-11-24,2.949030041172148,0.25577837854038216
2019-11-25,2.9978865652280002,0.2610400027073517
2019-11-26,3.064299411590197,0.2677255103080631
2019-11-27,3.1453592017818113,0.2756835327658227
2019-11-28,3.2361921368457236,0.28462756942222445
2019-11-29,3.329889788195711,0.29414763782526976
2019-11-30,3.4167348155758535,0.30360725810329825
2019-12-01,3.483895276238913,0.3120328537057171
2019-12-02,3.517949845870719,0.3182534374804919
2019-12-03,3.5101268029011963,0.32130421825407235
2019-12-04,3.460500745230709,0.3207914407737657
2019-12-05,3.377676692383252,0.31700079851947094
2019-12-06,3.275229939955587,0.31080830179652524
2019-12-07,3.167721630108034,0.30341072625360954
2019-12-08,3.0674040228076107,0.29592393246900756
2019-12-09,2.982747929523911,0.28914037687762145
2019-12-10,2.9189997136610346,0.2835777902453064
2019-12-11,2.8791475864283815,0.2796081920950574
2019-12-12,2.8641160813500193,0.2774765299358992
2019-12-13,2.8726948540286092,0.2772428722543864
2019-12-14,2.9016720677969463,0.2787343361783184
2019-12-15,2.9463689482781383,0.28161466140008506
2019-12-16,3.001675093636086,0.2855784428560182
2019-12-17,3.0622439539276467,0.290390800449013
2019-12-18,3.1218654271594573,0.2957304394055818
2019-12-19,3.173872341804949,0.30111076707831347
2019-12-20,3.2126402066519963,0.30594176981643
2019-12-21,3.235816533228241,0.30977175590719247
2019-12-22,3.245694497980082,0.3125756100365251
2019-12-23,3.2473573187947617,0.31469445698363596
2019-12-24,3.2465998720307168,0.3166291738326084
2019-12-25,3.250275069305441,0.3190450805092581
2019-12-26,3.265868558940569,0.32271706420141677
2019-12-27,3.2990456270838457,0.32827118166666974
2019-12-28,3.3515457084346356,0.33598260884887116
2019-12-29,3.421024024765113,0.34580611775883313
2019-12-30,3.5026975121715274,0.35760393367448073
2019-12-31,3.5911129261704215,0.3713026418580991
2020-01-01,3.680312336853066,0.3867244295532816
2020-01-02,3.7630590519528493,0.4032900873274364
2020-01-03,3.830234009678016,0.41990091556264236
2020-01-04,3.869352587210879,0.4348630803262662
2020-01-05,3.8644600424349487,0.4458543402043828
2020-01-06,3.8019352682981014,0.4503724243084566
2020-01-07,3.678531621982312,0.4466276496235356
2020-01-08,3.5038496936421812,0.43420099658763794
2020-01-09,3.2963033529800185,0.4140083244547152
2020-01-10,3.077533504238705,0.38788996689240307
2020-01-11,2.868516613262895,0.358272434381976
2020-01-12,2.6872155510131988,0.32785925580012215
2020-01-13,2.5473748694306315,0.2992586303821702
2020-01-14,2.458082947993394,0.2745777453976625
2020-01-15,2.423886836847314,0.25514313832302515
2020-01-16,2.4450737673369725,0.24147046249302506
2020-01-17,2.5180618999914826,0.23343874328607017
2020-01-18,2.636442211637561,0.2305739662480969
2020-01-19,2.7912408468745737,0.23223828951170195
2020-01-20,2.969216563038494,0.23758002837188208
2020-01-21,3.152537309356453,0.24544508868447276
2020-01-22,3.32331366632521,0.25458837494078596
2020-01-23,3.4703633129951683,0.2641282435692836
2020-01-24,3.5915598254486953,0.2737408852675867
2020-01-25,3.6897895965362526,0.28340093497739205
2020-01-26,3.7682314489870627,0.2930690332924363
2020-01-27,3.8290131629179434,0.3025970433015762
2020-01-28,3.873275449297741,0.31174999110020496
2020-01-29,3.9007555352003465,0.32024465511464884
2020-01-30,3.9089839884064195,0.3277331987896006
2020-01-31,3.892664476791129,0.333692978523467
2020-02-01,3.844858335641233,0.33740786868584244
2020-02-02,3.76079334027003,0.33821599945727837
2020-02-03,3.6416542658096227,0.3358186384567324
2020-02-04,3.495475715173334,0.33039736997639596
2020-02-05,3.334884609007719,0.32255785652564534
2020-02-06,3.1728852839807935,0.31313460249440866
2020-02-07,3.019203296558457,0.30291814387677535
2020-02-08,2.8797509561875345,0.29252977942094505
2020-02-09,2.758810242323866,0.2825396221324965
2020-02-10,2.6602495912085606,0.2735162848124635
2020-02-11,2.586356839820157,0.26583919051925237
2020-02-12,2.5370688209179444,0.25960414807455606
2020-02-13,2.5107870230554403,0.2547468317636427
2020-02-14,2.505372719941518,0.25116814483856365
2020-02-15,2.518605227189102,0.24878159986129328
2020-02-16,2.5483846244756663,0.24752544438864077
2020-02-17,2.5926988252121776,0.24734973443883915
2020-02-18,2.6490116897144014,0.24817237107606246
2020-02-19,2.713760610828915,0.2498581279916247
2020-02-20,2.7830335504118215,0.25227373076212994
2020-02-21,2.8536287488685823,0.2553402641664594
2020-02-22,2.9234817195955,0.2590278467918343
2020-02-23,2.991657092967838,0.2633414468204662
2020-02-24,3.0572594586139963,0.2682432086863582
2020-02-25,3.1173374741504025,0.2735025727303494
2020-02-26,3.166331059543375,0.2786969199808416
2020-02-27,3.197919784798347,0.2834003547592601
2020-02-28,3.207614026444519,0.28732258477212147
2020-02-29,3.195529970123238,0.2904114583124881
2020-03-01,3.1682175464256614,0.29301077740031384
2020-03-02,3.1371103713387867,0.2958298020741932
2020-03-03,3.11427690214032,0.29965623444011064
2020-03-04,3.108484009113511,0.30509007538034716
2020-03-05,3.1229874499392993,0.3123757713608618
2020-03-06,3.154790316409761,0.3212601004204443
2020-03-07,3.1956543594072593,0.33100304444222156
2020-03-08,3.235966813700076,0.34068592734637343
2020-03-09,3.2691486062486144,0.3495888948943943
2020-03-10,3.291993717670597,0.35723655533110804
2020-03-11,3.302444583083931,0.3632172724341182
2020-03-12,3.2993426169224174,0.36718652981531463
2020-03-13,3.283329977581208,0.3690370058311307
2020-03-14,3.2567535208958702,0.3690074282189975
2020-03-15,3.222912655142858,0.36763488478125217
2020-03-16,3.1851172106555876,0.3655533025461763
2020-03-17,3.1461403349580244,0.3633095590664937
2020-03-18,3.1084123158349612,0.3613233115377369
2020-03-19,3.074258410284977,0.35990415856485103
2020-03-20,3.045806063154892,0.3592592663034474
2020-03-21,3.024856500807605,0.3595301808243578
2020-03-22,3.012693554241961,0.36081028300205725
2020-03-23,3.009667362796931,0.3630687132418914
2020-03-24,3.015378252689125,0.3661638686999547
2020-03-25,3.0297647391456994,0.3700401046724133
2020-03-26,3.053579878590857,0.3748218508955072
2020-03-27,3.0878474310130186,0.3807134157921224
2020-03-28,3.1333734804664606,0.38793360403250576
2020-03-29,3.190106198631169,0.39668975321438965
2020-03-30,3.2561193708799365,0.4070798146134417
2020-03-31,3.32725642659872,0.41899354235185166
2020-04-01,3.397163033813081,0.4319536368374472
2020-04-02,3.4575031209849616,0.44494500443421586
2020-04-03,3.4997687677120854,0.4565822060672424
2020-04-04,3.5177700485839267,0.4655532558401506
2020-04-05,3.5093823705400964,0.4710459392961698
2020-04-06,3.4777816194620588,0.4730344064845242
2020-04-07,3.4303281987386267,0.4721819329027674
2020-04-08,3.374609076264208,0.4693917001138269
2020-04-09,3.315252286939648,0.465382638398151
2020-04-10,3.2539347981534394,0.4604868664337146
2020-04-11,3.191527156721366,0.45474896652418134
2020-04-12,3.1296001184268643,0.4481740431210469
2020-04-13,3.069851736815465,0.44074592649294664
2020-04-14,3.0128541119341072,0.43225856292336584
2020-04-15,2.9578455322582613,0.4223438216965053
2020-04-16,2.903686093195089,0.410731878425614
2020-04-17,2.850108212113574,0.39748587322792767
2020-04-18,2.7985157594216195,0.3830956448124013
2020-04-19,2.75202730695503,0.36843992314173
2020-04-20,2.714833884050053,0.35462770978690156
2020-04-21,2.6909880350569053,0.3427293624410858
2020-04-22,2.682939767239817,0.33346136852283065
2020-04-23,2.691016266270359,0.32705496242413806
2020-04-24,2.7141153257556683,0.3234119748259521
2020-04-25,2.7500270243275677,0.32226061923489857
2020-04-26,2.794842943126947,0.32311195432552114
2020-04-27,2.8428688392758943,0.32524092294591395
2020-04-28,2.8879647323203685,0.3278738470884987
2020-04-29,2.925425131141397,0.3304232643542363
2020-04-30,2.9528221362147886,0.33257155371308555
2020-05-01,2.9697305813723927,0.3342067039361321
2020-05-02,2.977518320966344,0.33533538952784037
2020-05-03,2.9791507423371155,0.33605100062865945
2020-05-04,2.9787451765783888,0.3365947232686551
2020-05-05,2.981290523644939,0.33745322669303307
2020-05-06,2.991347540258129,0.33922906718024326
2020-05-07,3.010552462007432,0.3422679898241447
2020-05-08,3.0373455897860406,0.34653535727057905
2020-05-09,3.070023792562878,0.351942669042236
2020-05-10,3.1086789262160073,0.3585950971089308
2020-05-11,3.152985036829265,0.36653397160333734
2020-05-12,3.1989960665435575,0.3753031595687854
2020-05-13,3.2398703118819556,0.38398817187674
2020-05-14,3.270508130839866,0.3918012264736671
2020-05-15,3.290620792605691,0.39849721735361127
2020-05-16,3.3033223325097123,0.40420458735017484
2020-05-17,3.31259734657635,0.40914278720913255
2020-05-18,3.3219846308008476,0.41355167853018826
2020-05-19,3.3331188621089627,0.41755692542668804
2020-05-20,3.344346537395347,0.42095854050605563
2020-05-21,3.3512314246315764,0.4232891657518602
2020-05-22,3.3486621086941954,0.42410724806445166
2020-05-23,3.3328937994092787,0.42318887227851315
2020-05-24,3.302800767044296,0.4205821023180592
2020-05-25,3.2607297257835954,0.416700926532757
2020-05-26,3.2124207028624996,0.41234131421695874
2020-05-27,3.1647930712090164,0.4084219984321241
2020-05-28,3.1230098754445894,0.40565224759357055
2020-05-29,3.0895710503442353,0.4044240535735861
2020-05-30,3.064814200228957,0.4048168759442609
2020-05-31,3.0471851952352087,0.4065812281688956
2020-06-01,3.034379762081929,0.40928743467719286
2020-06-02,3.025092539921614,0.41253183455323894
2020-06-03,3.019599381444147,0.4159709115587382
2020-06-04,3.0197037653700796,0.4193704046438683
2020-06-05,3.0286373193623684,0.42274320802536397
2020-06-06,3.050319556969038,0.4263944769219578
2020-06-07,3.088154097341773,0.4308367541702008
2020-06-08,3.1444126784537354,0.43671385536941154
2020-06-09,3.2203712401739386,0.4447859081164791
2020-06-10,3.315871719727746,0.4557657124103647
2020-06-11,3.4283232619196577,0.4700143829620754
2020-06-12,3.5526564332565753,0.4874360752869386
2020-06-13,3.6818623934470285,0.5075705925092937
2020-06-14,3.8070110409602718,0.5296068648104746
2020-06-15,3.9173504075486747,0.5522914939011812
2020-06-16,4.001611873621528,0.5739314975169432
2020-06-17,4.050322086655918,0.592575695046726
2020-06-18,4.057773762548111,0.6063460479765843
2020-06-19,4.022831195750015,0.6138726335126603
2020-06-20,3.9488924297109844,0.6145805689888733
2020-06-21,3.8442185219741445,0.6088256032425545
2020-06-22,3.722053986538518,0.5980414348558013
2020-06-23,3.5975555338672307,0.5844294129617487
2020-06-24,3.4822903342004294,0.5700142822012324
2020-06-25,3.381915718075131,0.5560227575143123
2020-06-26,3.2983073024694587,0.5430737391069279
2020-06-27,3.231423867438688,0.5314573265161566
2020-06-28,3.179486500410104,0.5211861007419745
2020-06-29,3.139611852212713,0.5121331426327601
2020-06-30,3.108593610360924,0.5041490292341839
2020-07-01,3.082889148469925,0.4969721770109238
2020-07-02,3.0587328795657283,0.4901431133277727
2020-07-03,3.0330144626438322,0.48315018900421414
2020-07-04,3.004191290194394,0.47570078080817924
2020-07-05,2.9723645992693077,0.4677993860029467
2020-07-06,2.9388960720483657,0.45964564652580053
2020-07-07,2.906327821610486,0.45163008386434
2020-07-08,2.878422348030232,0.4443977786898266
2020-07-09,2.859349659595317,0.4386728380981237
2020-07-10,2.8516914283906756,0.43483341970150446
2020-07-11,2.855354715451436,0.43274687200316514
2020-07-12,2.8687528533210327,0.4320579827257867
2020-07-13,2.8905048387613674,0.4325183867524042
2020-07-14,2.9202254865885946,0.43412435170565083
2020-07-15,2.957727373449263,0.437001083196773
2020-07-16,3.0008360065056596,0.4410570333498465
2020-07-17,3.0447439102662064,0.4458339193722467
2020-07-18,3.084244558444622,0.45077109015125477
2020-07-19,3.115763704477808,0.4554549096966317
2020-07-20,3.137287033912174,0.4595921230039766
2020-07-21,3.1481173662672433,0.4630267846073269
2020-07-22,3.149235328151058,0.4658355017866483
2020-07-23,3.1427033515173606,0.4681349563124292
2020-07-24,3.130604214060994,0.4698152041029664
2020-07-25,3.1154402130483216,0.4706866029924814
2020-07-26,3.1012044628729134,0.4708243704747759
2020-07-27,3.0931070252803243,0.470678306877112
2020-07-28,3.096193156148024,0.47098369001822915
2020-07-29,3.113813892678425,0.47257382474797377
2020-07-30,3.1465917524576743,0.4761336669280269
2020-07-31,3.1922071362198605,0.4819838469097132
2020-08-01,3.2451053380850228,0.48985750383419163
2020-08-02,3.297180800407955,0.49886989930930936
2020-08-03,3.3409822698893485,0.5079245449921117
2020-08-04,3.372575659326509,0.5161605377363283
2020-08-05,3.3915281960838355,0.5230314787780485
2020-08-06,3.399113478421054,0.5281152638944308
2020-08-07,3.396704172303994,0.5309614734051087
2020-08-08,3.385999255953127,0.5313072531212092
2020-08-09,3.3701446979875955,0.5294410137346196
2020-08-10,3.353356556763983,0.5261383816205301
2020-08-11,3.3392222063709998,0.5222663653224829
2020-08-12,3.329297941068662,0.518495375119033
2020-08-13,3.323093923759977,0.515229027461151
2020-08-14,3.3190066203967143,0.5126314301177511
2020-08-15,3.3148988995301862,0.5106681950643257
2020-08-16,3.3086158972329325,0.509201088085895
2020-08-17,3.2984487258217894,0.5080182592664821
2020-08-18,3.282870532413657,0.5067402371271619
2020-08-19,3.260769432078137,0.5049001722149911
2020-08-20,3.232689185056106,0.5022278210415049
2020-08-21,3.2014389319447267,0.4987936462801302
2020-08-22,3.1711079971686194,0.4948747975128253
2020-08-23,3.144930830858898,0.49065934678213335
2020-08-24,3.1238467236692817,0.48612760441842645
2020-08-25,3.106992989643843,0.4812389003915121
2020-08-26,3.093120939181666,0.47608210256671857
2020-08-27,3.081932401473558,0.4709019268516668
2020-08-28,3.074365616314815,0.4660714732982658
2020-08-29,3.071106134204712,0.4618611741626321
2020-08-30,3.070854187580927,0.45812334763474183
2020-08-31,3.0710426740085413,0.45439282320816893
2020-09-01,3.0708643114942635,0.4504490499768263
2020-09-02,3.072529184940868,0.4465861109533489
2020-09-03,3.079325144294616,0.44334536082368803
2020-09-04,3.0933880508263623,0.4412253371172868
2020-09-05,3.1144695365057005,0.4404623529021704
2020-09-06,3.140001486554948,0.4408829742856454
2020-09-07,3.1667296558466775,0.4420578223832261
2020-09-08,3.191680704929189,0.44353525502154173
2020-09-09,3.211600396815862,0.44487099188311924
2020-09-10,3.2235226893350295,0.44570552812961906
2020-09-11,3.226079499335413,0.4459029128628473
2020-09-12,3.219109937832351,0.4454331338629872
2020-09-13,3.20357928758483,0.44430496837266786
2020-09-14,3.1822577446499585,0.4426964206193889
2020-09-15,3.1582503008885867,0.44077339993112147
2020-09-16,3.13367903395661,0.43848583677070596
2020-09-17,3.1112087076918375,0.43592130880206525
2020-09-18,3.0948662351809237,0.43359950724547747
2020-09-19,3.0879138950552942,0.4321020258005895
2020-09-20,3.0911509108036523,0.43168622416745317
2020-09-21,3.1040576009414638,0.43242836347650876
2020-09-22,3.1262705609512547,0.43441848205783246
2020-09-23,3.157045427992254,0.43766340935936443
2020-09-24,3.1937161509877723,0.4418825509764139
2020-09-25,3.2311641622596654,0.4464171611242079
2020-09-26,3.263601353855436,0.4504764777150717
2020-09-27,3.2870906988754958,0.45352393157748744
2020-09-28,3.299973350150213,0.45534286472945673
2020-09-29,3.3015123680671015,0.45583053989802386
2020-09-30,3.2909636689508805,0.45483249404369563
2020-10-01,3.267997667693939,0.4521394172811608
2020-10-02,3.233750178931218,0.44765426548508996
2020-10-03,3.191607186778883,0.44164013043918565
2020-10-04,3.1467888846037377,0.4347496293451996
2020-10-05,3.104134238681806,0.427664339472371
2020-10-06,3.065773570609917,0.42067864995421944
2020-10-07,3.030929448961345,0.41364074825928543
2020-10-08,2.9977859731104526,0.4062547816449697
2020-10-09,2.9658783188676194,0.3984663249096065
2020-10-10,2.9373099757968038,0.39064415020641124
2020-10-11,2.915644323688167,0.38340877925341493
2020-10-12,2.903385455093148,0.3772579458992438
2020-10-13,2.9007455624571055,0.37237662393160026
2020-10-14,2.906476072916692,0.3687464060813151
2020-10-15,2.9186198619483683,0.3662688886974426
2020-10-16,2.9346036307456536,0.3648243052847559
2020-10-17,2.9521262983617547,0.3644076618211893
2020-10-18,2.969735864411438,0.3651245038427432
2020-10-19,2.985255799799935,0.36685197550389953
2020-10-20,2.9946794999380164,0.36902589860715357
2020-10-21,2.9945724646636176,0.3709399641789193
2020-10-22,2.984720145316594,0.3720961942414893
2020-10-23,2.967422236939987,0.37219842679734705
2020-10-24,2.9459850141305117,0.37110361818751386
2020-10-25,2.924382068516101,0.3688844193848341
2020-10-26,2.9067297646050987,0.3658111842638841
2020-10-27,2.8961059906805495,0.3622292544823202
2020-10-28,2.8935940888998846,0.3584412411933263
2020-10-29,2.898868890136028,0.3547499955885621
2020-10-30,2.9112770986358942,0.351510298511082
2020-10-31,2.929035858981416,0.3489187259543303
2020-11-01,2.9479522864410046,0.3467890383825843
2020-11-02,2.9622506010656244,0.34462141929875034
2020-11-03,2.9672822009588686,0.34191852430180336
2020-11-04,2.961934255048097,0.3385115082610538
2020-11-05,2.948606070710147,0.3346248740199536
2020-11-06,2.9312869285262146,0.33070073692759977
2020-11-07,2.913907382304654,0.3271866910315382
2020-11-08,2.8999743415207795,0.3244153669416232
2020-11-09,2.892975190036266,0.32264835885515036
2020-11-10,2.896182149085713,0.32214595404961105
2020-11-11,2.9118577822286023,0.32312779202139336
2020-11-12,2.940730512262212,0.3257129121763847
2020-11-13,2.9816543309497883,0.32988847363374457
2020-11-14,3.0319354845027253,0.3355088850354366
2020-11-15,3.0883656780287656,0.3423047061561635
2020-11-16,3.1473023908183233,0.3498149730214116
2020-11-17,3.203414726040122,0.357261050534737
2020-11-18,3.2493354176298137,0.36356792930173576
2020-11-19,3.277701200219222,0.36762820629168125
2020-11-20,3.2835362828228067,0.3685779772311696
2020-11-21,3.2652717761547376,0.3659995341353178
2020-11-22,3.2255415301766894,0.36013896354741937
2020-11-23,3.171194696105802,0.35186789928163914
2020-11-24,3.110685056715616,0.3422268946231404
2020-11-25,3.0508510016233803,0.3320076730348013
2020-11-26,2.9960482186622306,0.32172990285425174
2020-11-27,2.9485461054192146,0.31173314011359327
2020-11-28,2.9088472004658166,0.30217785415792586
2020-11-29,2.8768660491412072,0.29314757916722023
2020-11-30,2.853557622052524,0.2848397677533124
2020-12-01,2.842013926338049,0.2776913429869697
2020-12-02,2.847577308753085,0.27237526742378226
2020-12-03,2.8761417775124873,0.2696090733494174
2020-12-04,2.9311668772732604,0.26986574250876605
2020-12-05,3.010674383629864,0.27313570925666725
2020-12-06,3.1051869883126697,0.27880080800062806
2020-12-07,3.1976466276615834,0.28563542139668074
2020-12-08,3.2665721745800878,0.2919875464258455
2020-12-09,3.2932204042263087,0.29618964556999827
2020-12-10,3.2694410830333087,0.297043981971852
2020-12-11,3.2003797404224446,0.2941487652852883
2020-12-12,3.10050936789489,0.28790652219940843
2020-12-13,2.9866783751570996,0.2792069186289205
2020-12-14,2.8727500394454055,0.26905298961540197
2020-12-15,2.7680637576097324,0.2583759492219526
2020-12-16,2.6783868164480147,0.24797518834285617
2020-12-17,2.6067958937295046,0.2384423306151068
2020-12-18,2.5548484790899053,0.23016585239111892
2020-12-19,2.5241210298347783,0.22343877503821416
2020-12-20,2.5155122580095948,0.21843299526046087
2020-12-21,2.5267877609724465,0.21505012774413534
2020-12-22,2.551928145672313,0.21290705352081762
2020-12-23,2.583300242306295,0.21152787808983434
2020-12-24,2.614170509288284,0.21054087988999817
2020-12-25,2.6397618683580113,0.20971469600489326
2020-12-26,2.658694151172642,0.20899743829163575
2020-12-27,2.6747380996978127,0.2085997445214811
2020-12-28,2.695669630533348,0.2089012874359651
2020-12-29,2.730418108520278,0.21030080698812756
2020-12-30,2.7874486277018646,0.21320869065932138
2020-12-31,2.873511879983061,0.2180147438764324
2021-01-01,2.991775828513824,0.22493880241491185
2021-01-02,3.1405164641998016,0.2339466610819292
2021-01-03,3.313221355585799,0.24478748760712557
2021-01-04,3.49926729481307,0.2570159814136757
2021-01-05,3.6848163018924036,0.2699919526029721
2021-01-06,3.85546918466679,0.2829974376445011
2021-01-07,4.000270913547632,0.2954543539595806
2021-01-08,4.113262182719724,0.3070176875327196
2021-01-09,4.192130749353366,0.3175217880968703
2021-01-10,4.238991343938645,0.3270751344830471
2021-01-11,4.262955287284493,0.33626445103091346
2021-01-12,4.2771258464934725,0.34600212033135264
2021-01-13,4.290913269737046,0.3570288907822102
2021-01-14,4.305366798217536,0.3695024344544041
2021-01-15,4.3124956009480195,0.38276218504933296
2021-01-16,4.297421454348591,0.3953215793459645
2021-01-17,4.2441222934797045,0.40524042004389854
2021-01-18,4.142117961690771,0.41068965193037
2021-01-19,3.9907076477139123,0.4104416706376537
2021-01-20,3.799712209872748,0.40415696833498466
2021-01-21,3.586920520298092,0.39241026333018325
2021-01-22,3.37442961259884,0.37660869729815766
2021-01-23,3.1854402871078866,0.3588406283000688
2021-01-24,3.0402531916762907,0.3414171775623191
2021-01-25,2.9518102349095865,0.3261818697475115
2021-01-26,2.923399971290548,0.31405350145780225
2021-01-27,2.9496624538701313,0.30512852994936546
2021-01-28,3.019944322280308,0.29922260932378225
2021-01-29,3.1215962352612197,0.2963125655782007
2021-01-30,3.24108104081999,0.2965055163252479
2021-01-31,3.362375948213827,0.29968015265739933
2021-02-01,3.4653591640728565,0.30511302105178667
2021-02-02,3.5296399855798137,0.3114246113114104
2021-02-03,3.543546944529587,0.3171217238025233
2021-02-04,3.509427821622813,0.32136653196712345
2021-02-05,3.4392003223557164,0.3240432467503551
2021-02-06,3.345780946102583,0.3251384034375091
2021-02-07,3.2394334651243875,0.32447879144693365
2021-02-08,3.128713904582229,0.3220291969207857
2021-02-09,3.0208081292766953,0.31805185502925126
2021-02-10,2.9208397117214524,0.31292216375344806
2021-02-11,2.8318103801147876,0.3069274613222052
2021-02-12,2.755277127676908,0.30028773802372083
2021-02-13,2.692069920689953,0.29331611448789036
2021-02-14,2.6420081602158385,0.28641385227951444
2021-02-15,2.603182192604318,0.2798774361313082
2021-02-16,2.5727200819050218,0.2738309062799326
2021-02-17,2.5487013906437914,0.2683498287316826
2021-02-18,2.531037895056646,0.2635642806662009
2021-02-19,2.5206785823457896,0.2596315462949676
2021-02-20,2.51846605182731,0.2566302257528573
2021-02-21,2.5249418088343893,0.2545096735839783
2021-02-22,2.5407767430655106,0.25314817568353026
2021-02-23,2.5670450434521834,0.2524615796435396
2021-02-24,2.6050173967637593,0.2524651000963045
2021-02-25,2.655155970508575,0.25319659918478354
2021-02-26,2.7165440640449545,0.2546549401376679
2021-02-27,2.7877103109500454,0.25688901793103797
2021-02-28,2.8669753773841715,0.26002337705997103
2021-03-01,2.9513473107636994,0.2641115834902767
2021-03-02,3.035597647624654,0.26899111681720034
2021-03-03,3.1130954715841463,0.27430128428512585
2021-03-04,3.1779392276763794,0.2796503871037804
2021-03-05,3.226601082574934,0.28476479542451605
2021-03-06,3.2583187975436085,0.289491440363955
2021-03-07,3.2744956776625957,0.2936982285052226
2021-03-08,3.2783225078444906,0.29727967135106875
2021-03-09,3.2747439551729602,0.30028161222515354
2021-03-10,3.268859544382279,0.302874158007549
2021-03-11,3.2641032789742543,0.30522508922001895
2021-03-12,3.2626952145006416,0.30753110621226465
2021-03-13,3.2665756134539237,0.3100973173174087
2021-03-14,3.276758193850984,0.31323802469583645
2021-03-15,3.291850436298517,0.31703975362355213
2021-03-16,3.3075982874490775,0.3212455887566076
2021-03-17,3.317985768870681,0.32533863749929826
2021-03-18,3.3160514064489996,0.3286027280063163
2021-03-19,3.294934107309957,0.33023122456063675
2021-03-20,3.251046035452421,0.329657622802547
2021-03-21,3.1865752199149755,0.32681726415566903
2021-03-22,3.108974526018788,0.3221590713966812
2021-03-23,3.028554045911465,0.31646750396484336
2021-03-24,2.955967399127756,0.3106181640364036
2021-03-25,2.900907922989027,0.3054678863763699
2021-03-26,2.870673342896572,0.3017486460877195
2021-03-27,2.8684789423214796,0.2998765502556168
2021-03-28,2.89347338088593,0.2999064856826687
2021-03-29,2.941654065624952,0.3016660683253964
2021-03-30,3.006776371953698,0.30493226618301067
2021-03-31,3.0817274237530783,0.3095284392107579
2021-04-01,3.1592550440027924,0.31524573196442257
2021-04-02,3.2324324214750084,0.3217845741248391
2021-04-03,3.2966819534252427,0.32892691407758584
2021-04-04,3.350950913528429,0.3366339113237384
2021-04-05,3.3956914252114525,0.3448073596686002
2021-04-06,3.4306285577261324,0.35306779556715695
2021-04-07,3.45498837739828,0.3609079426575743
2021-04-08,3.468936752650422,0.3680165183827398
2021-04-09,3.474146961432752,0.3743798442061937
2021-04-10,3.472918064307823,0.38013790802901404
2021-04-11,3.4664911540868286,0.3853910647212776
2021-04-12,3.4541771148435574,0.39007337444003504
2021-04-13,3.434413554362531,0.39396107774631983
2021-04-14,3.406431963650658,0.3967792665359982
2021-04-15,3.3711805400308696,0.39836336053119503
2021-04-16,3.3311088658333974,0.39878725582612673
2021-04-17,3.288232333750733,0.3982228482244561
2021-04-18,3.2428445135569737,0.39675249185770617
2021-04-19,3.1954500348798884,0.3945319869060052
2021-04-20,3.148723466080122,0.39199296155212254
2021-04-21,3.106396150822582,0.3897121378000005
2021-04-22,3.0710570687247434,0.38812620801337605
2021-04-23,3.043256162136118,0.38736636925737694
2021-04-24,3.021782196913006,0.38725045356546867
2021-04-25,3.003924295472993,0.38733399913688193
2021-04-26,2.9864662262318444,0.38712028443983315
2021-04-27,2.9682559272468794,0.38645125589536167
2021-04-28,2.9509098103408307,0.38558533303867065
2021-04-29,2.93607506289029,0.38481561838947514
2021-04-30,2.9234722567605993,0.3842039676564756
2021-05-01,2.91175370020376,0.3836586610428496
2021-05-02,2.9000872749445374,0.38306593120655447
2021-05-03,2.8889652356733846,0.3823521285110613
2021-05-04,2.8800942687783953,0.3815439097228201
2021-05-05,2.8755492996354035,0.38078243306242965
2021-05-06,2.8764747645060784,0.38019764016124485
2021-05-07,2.8821113657135498,0.37974313790810454
2021-05-08,2.8903168161697086,0.37922069425845456
2021-05-09,2.8994791414620114,0.37848716591959186
2021-05-10,2.9100049442157134,0.37759167299813023
2021-05-11,2.9237664745786245,0.37672307441352226
2021-05-12,2.9421289526039827,0.3760500787330929
2021-05-13,2.965096389917232,0.3756412688786838
2021-05-14,2.992333599078914,0.3755732172913114
2021-05-15,3.0240114265126343,0.37603518493121435
2021-05-16,3.0604604036392558,0.3772663407890615
2021-05-17,3.101634594937736,0.3794756655024334
2021-05-18,3.1468989107931193,0.382857177454269
2021-05-19,3.1948213125499363,0.3875661957777969
2021-05-20,3.2432920767666125,0.39362484145428306
2021-05-21,3.290307766179344,0.4009041073554045
2021-05-22,3.334478928360014,0.4091547668795961
2021-05-23,3.3744117576683323,0.41796285521468585
2021-05-24,3.407828141121655,0.4267037703297512
2021-05-25,3.432053341524278,0.4346579988125693
2021-05-26,3.445756483125452,0.44128583547073563
2021-05-27,3.4496667586102547,0.44642810183046966
2021-05-28,3.445591925527374,0.45026400179621434
2021-05-29,3.4358935557074664,0.4531783275223478
2021-05-30,3.423337569524758,0.45561698712299836
2021-05-31,3.4090368642450706,0.4577704950483802
2021-06-01,3.390156767981901,0.4592623804744515
2021-06-02,3.361254938506576,0.4592999761273268
2021-06-03,3.318484534127141,0.4572275759327341
2021-06-04,3.262591442123692,0.4529455810787705
2021-06-05,3.1990293813455755,0.44696355115664704
2021-06-06,3.135901146066075,0.44020669317220673
2021-06-07,3.0810641721690026,0.433685573340929
2021-06-08,3.0404121997713642,0.42823447641744955
2021-06-09,3.017563775588602,0.4244274565879333
2021-06-10,3.0130721648556613,0.42246078276898147
2021-06-11,3.0237616510490586,0.4220533927159346
2021-06-12,3.0442758341852643,0.42265444203840286
2021-06-13,3.06927876417241,0.42373732701528793
2021-06-14,3.093962856381704,0.424849056092721
2021-06-15,3.1143743950187726,0.4256375363647039
2021-06-16,3.128793168696426,0.4259986532339481
2021-06-17,3.1378876355249137,0.42603474730992985
2021-06-18,3.1431837847606743,0.4258378523053969
2021-06-19,3.146384268905808,0.42545443072115763
2021-06-20,3.1496763914022443,0.42501291291820714
2021-06-21,3.1552431180463953,0.4247454167057164
2021-06-22,3.1638449978385004,0.42481075812239805
2021-06-23,3.1738833448993624,0.4251163613349904
2021-06-24,3.1822707057436608,0.4254210980247385
2021-06-25,3.1867952343259542,0.42564419769233985
2021-06-26,3.187667408147889,0.4260012906416275
2021-06-27,3.1865128214538228,0.4267798015693739
2021-06-28,3.1841981893228493,0.42800844923511616
2021-06-29,3.1795127588241465,0.4293158226065052
2021-06-30,3.169830844759842,0.4300915581793385
2021-07-01,3.154437507342923,0.42999585622443276
2021-07-02,3.137246132780738,0.42936899138047335
2021-07-03,3.1247919807465765,0.42900558367563735
2021-07-04,3.1221712130238406,0.4296064740461973
2021-07-05,3.1319395866470128,0.4315457530568344
2021-07-06,3.1554808761457176,0.43504022931896535
2021-07-07,3.1933813510528113,0.4403042838325022
2021-07-08,3.2444567289589195,0.4474470079217347
2021-07-09,3.305154070476306,0.45631368302736824
2021-07-10,3.3694361419758665,0.46641165183977557
2021-07-11,3.4290491025414624,0.47687754849818464
2021-07-12,3.474733822899496,0.4865224136641604
2021-07-13,3.498106414870808,0.49401270482273435
2021-07-14,3.4942260498967226,0.498271960500751
2021-07-15,3.4638406615772848,0.4989337414609889
2021-07-16,3.412439885081122,0.4963041437799898
2021-07-17,3.3470368377792954,0.4909560477918576
2021-07-18,3.2743397648458585,0.4835726907157939
2021-07-19,3.200351212968431,0.47492998947595955
2021-07-20,3.129888089290051,0.465747420696539
2021-07-21,3.066399772623075,0.4565917730952822
2021-07-22,3.012205374122808,0.44790167560832234
2021-07-23,2.9681783863748454,0.4399760371556338
2021-07-24,2.93393426476958,0.4330094754452446
2021-07-25,2.909878830257496,0.4273417758252134
2021-07-26,2.8982252707724223,0.42356104595563243
2021-07-27,2.9008809096910073,0.42215553066320494
2021-07-28,2.9174284798940024,0.42316979513284947
2021-07-29,2.945586993346531,0.42625779787773627
2021-07-30,2.982026920258704,0.430855925156892
2021-07-31,3.0218207114692603,0.4361878290880242
2021-08-01,3.05872942610356,0.4413526844593378
2021-08-02,3.0877518564524182,0.44567185086597016
2021-08-03,3.1075515590580096,0.4489710834747685
2021-08-04,3.1209045900171017,0.45163852456899756
2021-08-05,3.1331284903976027,0.45446590778433155
2021-08-06,3.1491625141076454,0.45820242823683166
2021-08-07,3.1716096840755124,0.4631913225644136
2021-08-08,3.2012470504221784,0.4695146655421931
2021-08-09,3.2381113591790784,0.4772761612929578
2021-08-10,3.2808612670355743,0.4864789194291494
2021-08-11,3.3252662920354434,0.49668157593868534
2021-08-12,3.364482559040072,0.5069076316250838
2021-08-13,3.3914196687933034,0.5158904803503342
2021-08-14,3.4012233810512864,0.5224567208424751
2021-08-15,3.393173969931808,0.525914244706404
2021-08-16,3.3711851155084482,0.5262777117519534
2021-08-17,3.341375098632127,0.5240712196944158
2021-08-18,3.308674676118943,0.5198841324374226
2021-08-19,3.2760752731891127,0.5142525160588693
2021-08-20,3.246062007145833,0.5078463020429477
2021-08-21,3.2211536399330463,0.5014301584681078
2021-08-22,3.2032403998006878,0.49561903448726913
2021-08-23,3.1930221015155964,0.4907568443155339
2021-08-24,3.1893821729087435,0.4868722316966401
2021-08-25,3.189189598287379,0.4836422380195985
2021-08-26,3.1887152221998627,0.4805149022996935
2021-08-27,3.185989795776574,0.47705865286115645
2021-08-28,3.1816408367832136,0.4732367256459551
2021-08-29,3.1772675550626843,0.4693136082860095
2021-08-30,3.1736669844254104,0.4655959473045237
2021-08-31,3.170179744479689,0.4621895113189472
2021-09-01,3.164733868786435,0.45883473290036436
2021-09-02,3.154866376307215,0.455040628944586
2021-09-03,3.138693609656697,0.450371994151688
2021-09-04,3.115310230676733,0.44461202828706475
2021-09-05,3.0856508160861176,0.4378712155718504
2021-09-06,3.052633774246789,0.4305935051899688
2021-09-07,3.0199122872080086,0.42337717084230747
2021-09-08,2.991092846193328,0.4168142670390052
2021-09-09,2.969416872845031,0.41140891372189664
2021-09-10,2.9565001262187796,0.4074139514617478
2021-09-11,2.951272970438452,0.40471035388996773
2021-09-12,2.9510556842630886,0.4029708978722656
2021-09-13,2.9535207723339685,0.4018898839568699
2021-09-14,2.9571866240283087,0.4011998479654108
2021-09-15,2.961046907174974,0.4006674026903852
2021-09-16,2.9647132400271516,0.40021089201512444
2021-09-17,2.968480954309774,0.3999271008995012
2021-09-18,2.972913739757897,0.3999709149678066
2021-09-19,2.9782035057902947,0.4004253560458387
2021-09-20,2.98331929230057,0.40116962269784084
2021-09-21,2.9862396149560273,0.40187059669999725
2021-09-22,2.9859955460477265,0.40225329639589236
2021-09-23,2.983877308457789,0.40233026540296135
2021-09-24,2.9824945564423686,0.4023455557037429
2021-09-25,2.9848858499263597,0.40269413268848087
2021-09-26,2.9942183439923284,0.40388280526848974
2021-09-27,3.012986913367882,0.40636012281472744
2021-09-28,3.0415107755693307,0.41022260511838055
2021-09-29,3.076580589903709,0.41499176884257155
2021-09-30,3.1120085274218052,0.4197137050226172
2021-10-01,3.1416209713995857,0.4234227363202551
2021-10-02,3.1622194209863097,0.4256022092134368
2021-10-03,3.173339959746912,0.4261753077466051
2021-10-04,3.1754416958334883,0.4252703289346736
2021-10-05,3.1698927481384995,0.42320448079874445
2021-10-06,3.1592067592367687,0.4204099817129751
2021-10-07,3.145720888147125,0.4171775686652089
2021-10-08,3.1300510218581574,0.4135094417897083
2021-10-09,3.1109382906941856,0.40919120613981186
2021-10-10,3.0865069570121175,0.4039874960953783
2021-10-11,3.0550681553589167,0.39771760839131554
2021-10-12,3.0151746701849786,0.3902359621929218
2021-10-13,2.9667916672482724,0.38160858917708995
2021-10-14,2.9126985389131126,0.37231950948111925
2021-10-15,2.8574654453449346,0.3630661393826089
2021-10-16,2.8048654039895755,0.35428308985264484
2021-10-17,2.756210951237373,0.34590125823791834
2021-10-18,2.7102008342017925,0.3374521176980381
2021-10-19,2.6647827218049533,0.32842664171957675
2021-10-20,2.6198809228095095,0.31867862738322883
2021-10-21,2.5773450642692812,0.30843499832231974
2021-10-22,2.539074542647039,0.29806156659622896
2021-10-23,2.5071753258759086,0.2880548413898352
2021-10-24,2.4848906785479477,0.279046691821306
2021-10-25,2.4758403196395853,0.27159016864810975
2021-10-26,2.4824266611179504,0.26596791463986114
2021-10-27,2.5047453203159415,0.26215399007729634
2021-10-28,2.540527014141532,0.2598961015285755
2021-10-29,2.5862095503344205,0.2588901589207852
2021-10-30,2.6385480471004623,0.25894043748378726
2021-10-31,2.6950269785112257,0.2599311359879408
2021-11-01,2.752300805522616,0.26161317460345856
2021-11-02,2.8051179189352884,0.26350578092877974
2021-11-03,2.8473013343029066,0.2650361420904142
2021-11-04,2.873487827477069,0.2657207778472819
2021-11-05,2.8809992663568433,0.26531872899154346
2021-11-06,2.8706057010236057,0.26387143365673604
2021-11-07,2.8449750622241483,0.2615133287831049
2021-11-08,2.807468394986393,0.2583299019336282
2021-11-09,2.7626362789543135,0.2544541987340223
2021-11-10,2.7161643312995967,0.25015701411750696
2021-11-11,2.6737915969866504,0.24580457522973634
2021-11-12,2.6401875246594066,0.24177233133586493
2021-11-13,2.618235759888447,0.2383720679200111
2021-11-14,2.609076104800745,0.23583280331802606
2021-11-15,2.6128472023916443,0.23433059812308699
2021-11-16,2.629869518513883,0.23402489966090567
2021-11-17,2.6614113401716266,0.23506357596439154
2021-11-18,2.709249015528846,0.2375592375598556
2021-11-19,2.7747969216668427,0.24160034620909648
2021-11-20,2.8584080057768375,0.24726565904405695
2021-11-21,2.9583339661280417,0.2545277711003933
2021-11-22,3.0697779508697596,0.26311820427467464
2021-11-23,3.185345660154131,0.2725416117638474
2021-11-24,3.2966326880998746,0.2822153019860472
2021-11-25,3.3957493750037706,0.2915995682473954
2021-11-26,3.47654776155602,0.3002955222187529
2021-11-27,3.534904910062118,0.3080620370194443
2021-11-28,3.567426279680071,0.3146767866694591
2021-11-29,3.5706096231781457,0.3197936422881523
2021-11-30,3.5426275482834697,0.3230390760275978
2021-12-01,3.4855075778439217,0.3242169150829319
2021-12-02,3.4043303606641766,0.3233016304256199
2021-12-03,3.3047790154597854,0.3203096447369021
2021-12-04,3.1924867890295783,0.31534834857151833
2021-12-05,3.0738322931694357,0.3087474614600803
2021-12-06,2.9558978655444665,0.3010280574030362
2021-12-07,2.8455375277740975,0.2927788432932793
2021-12-08,2.7483435172231006,0.2845398459260391
2021-12-09,2.667661509188616,0.27668243165382583
2021-12-10,2.604187865732615,0.2693639541214227
2021-12-11,2.5570748289308396,0.262639033752427
2021-12-12,2.525663718582648,0.2566112206641183
2021-12-13,2.509856180491692,0.2514451588651188
2021-12-14,2.509714866825692,0.247329476661084
2021-12-15,2.525845483394508,0.2445261089934268
2021-12-16,2.5594160678945284,0.2433306014988967
2021-12-17,2.610589293886569,0.24388636487311643
2021-12-18,2.6769311230757555,0.24610986830015952
2021-12-19,2.75335737372136,0.2497756479669462
2021-12-20,2.833277073169934,0.2545999183095373
2021-12-21,2.909916552329344,0.2602748050869053
2021-12-22,2.9772511720116484,0.2664678760958501
2021-12-23,3.0310676927368925,0.27285051899829044
2021-12-24,3.07045530454203,0.27922885087924876
2021-12-25,3.098066037011589,0.2856220945927634
2021-12-26,3.1181696161168735,0.29213225524292163
2021-12-27,3.134860646705639,0.2988535779290657
2021-12-28,3.1521844480179437,0.3059990103936013
2021-12-29,3.1746970946002326,0.31399239704629744
2021-12-30,3.20663045230154,0.3233337169643772
2021-12-31,3.249693681767655,0.3343134452660128
2022-01-01,3.3014751673616476,0.34677980073756315
2022-01-02,3.35587230378049,0.3601029485545082
2022-01-03,3.4052749716125916,0.3733706777660341
2022-01-04,3.4439508172177073,0.38580891096847847
2022-01-05,3.4705440197112805,0.39714623180081304
2022-01-06,3.48801183268669,0.4076468530384255
2022-01-07,3.5017391635123163,0.41783970456945446
2022-01-08,3.515535851356756,0.4279211945774255
2022-01-09,3.527880774589451,0.4372553258810789
2022-01-10,3.5326354434654386,0.44455829823837134
2022-01-11,3.521664423525259,0.4483432521161801
2022-01-12,3.486382849847474,0.44721931569046935
2022-01-13,3.4206848178936737,0.4403202054443403
2022-01-14,3.3237176471434666,0.4275126841072301
2022-01-15,3.1983627225743265,0.409016173608957
2022-01-16,3.0510043764479047,0.385489757546941
2022-01-17,2.8964245658962757,0.35896284178291465
2022-01-18,2.755158802201337,0.33242524029917053
2022-01-19,2.6411397622411075,0.3077935458515544
2022-01-20,2.5574694751678564,0.28535920212635285
2022-01-21,2.5040428767752507,0.2651870591961872
2022-01-22,2.48423491676534,0.2480196039034282
2022-01-23,2.5041216503623174,0.23487418222736667
2022-01-24,2.5687064980165495,0.22637491138195273
2022-01-25,2.6801053270676465,0.2225798439425142
2022-01-26,2.8355354112741202,0.22313085391391038
2022-01-27,3.022003076031475,0.22723916441868636
2022-01-28,3.2131417524134367,0.23358556682224238
2022-01-29,3.3773763288782006,0.24066167101620203
2022-01-30,3.493479125247924,0.24738870695345744
2022-01-31,3.5578929083005164,0.25331067573716676
2022-02-01,3.580437058411963,0.25842076387164353
2022-02-02,3.576736079104318,0.2629844088080244
2022-02-03,3.561607721104987,0.267323172147228
2022-02-04,3.5456174585907987,0.2716725629859878
2022-02-05,3.5352220511577994,0.2762158918910058
2022-02-06,3.5335615147192474,0.28111648764713176
2022-02-07,3.5409138534872233,0.2864877548695409
2022-02-08,3.555490128809622,0.29236598094120003
2022-02-09,3.57385519571523,0.29866729471876924
2022-02-10,3.590723630842873,0.30511618077723324
2022-02-11,3.5994375839101016,0.31122692176500893
2022-02-12,3.594077958653105,0.31643713218645153
2022-02-13,3.5723115527444573,0.32036982113199386
2022-02-14,3.5372547806024683,0.32307799139605003
2022-02-15,3.4972690444485997,0.3251075603315984
2022-02-16,3.462917724343276,0.32728303548098775
2022-02-17,3.4425056810904135,0.3303696612284965
2022-02-18,3.440104137829459,0.334906450436861
2022-02-19,3.4568411206404766,0.3412323289446448
2022-02-20,3.4920162650154487,0.34949136766781946
2022-02-21,3.542270587005173,0.3595617258271903
2022-02-22,3.601389173648797,0.3710997798800085
2022-02-23,3.662403882921139,0.383740971405308
2022-02-24,3.718756673593871,0.3971255933760885
2022-02-25,3.762697767338235,0.4106015351662596
2022-02-26,3.7843675992082906,0.42297616467882054
2022-02-27,3.7740367675240933,0.432668277496856
2022-02-28,3.726171461480921,0.4382314023523696
2022-03-01,3.641726760069133,0.43878880956298827
2022-03-02,3.526323991757417,0.43393235781851874
2022-03-03,3.3882758769316252,0.42359906806188335
2022-03-04,3.2393673579619335,0.4084093632211441
2022-03-05,3.0947526459131502,0.3899062115809025
2022-03-06,2.97003198482223,0.37029798144985704
2022-03-07,2.8769948750543564,0.35179411283417333
2022-03-08,2.821202470057035,0.335996035955177
2022-03-09,2.803172328093203,0.3238103619455403
2022-03-10,2.8195703914082517,0.3155379702911909
2022-03-11,2.8622226525842374,0.3108024068585615
2022-03-12,2.9184572070502095,0.3086294786112381
2022-03-13,2.975238302217475,0.3078913251453687
2022-03-14,3.024315605589898,0.3078339467734418
2022-03-15,3.0635757484734616,0.30822501153108733
2022-03-16,3.0941200336260812,0.3090618460669273
2022-03-17,3.117465196427364,0.3102784301384726
2022-03-18,3.134821441303346,0.3116878506019688
2022-03-19,3.1468968158553454,0.31303050533072674
2022-03-20,3.154078377673985,0.314079718013274
2022-03-21,3.1572524462202787,0.31477219416216146
2022-03-22,3.157548650179772,0.3151896207466097
2022-03-23,3.1546478763158383,0.3153897640066847
2022-03-24,3.145732840288136,0.31527595766469924
2022-03-25,3.1265207284773213,0.31462143717191776
2022-03-26,3.0943918418017313,0.3132761039725004
2022-03-27,3.0508925699539837,0.31134849069271886
2022-03-28,3.0005260873266106,0.3090960437225816
2022-03-29,2.9483146186689013,0.30673737432351034
2022-03-30,2.9000555694230497,0.3045569971524281
2022-03-31,2.863252028935,0.30308907094892545
2022-04-01,2.845038023244825,0.30293944393904565
2022-04-02,2.8489806354246596,0.3044351585011571
2022-04-03,2.874754730105963,0.30758738604657637
2022-04-04,2.9198683753821615,0.31227749442415886
2022-04-05,2.979992378476505,0.31825795764876125
2022-04-06,3.048155138449742,0.3250341259884958
2022-04-07,3.115267236997553,0.3319100198712975
2022-04-08,3.1718672343746506,0.33811989848074747
2022-04-09,3.2100529050738733,0.3429281304642721
2022-04-10,3.225641824519018,0.3457693710399781
2022-04-11,3.219481169880068,0.3463951059839085
2022-04-12,3.1963607609871856,0.3449139231271245
2022-04-13,3.1622401668566757,0.34169821537690753
2022-04-14,3.122050481790863,0.3372386002461392
2022-04-15,3.079763358313902,0.33210864071964996
2022-04-16,3.0397884978785927,0.32700118845920456
2022-04-17,3.0069165288907405,0.32260728233938685
2022-04-18,2.9849033963084226,0.3194215205253994
2022-04-19,2.9757256209202265,0.31770602995749114
2022-04-20,2.979322646980407,0.3175244221337972
2022-04-21,2.9935897301784236,0.31873939965032266
2022-04-22,3.0152868930534646,0.3210786361074316
2022-04-23,3.0412005206057855,0.3242728779580551
2022-04-24,3.068398828277965,0.32808841517364734
2022-04-25,3.093950111278741,0.3322563346917201
2022-04-26,3.1155458346032305,0.33652658074309927
2022-04-27,3.1326502653060766,0.34081228963544125
2022-04-28,3.1462114962463006,0.345137405771255
2022-04-29,3.1570777017106533,0.34940203708223483
2022-04-30,3.1656613841890175,0.35334728930501014
2022-05-01,3.173368793404382,0.3568126726192363
2022-05-02,3.182829467746656,0.35985626836603857
2022-05-03,3.196505749368985,0.3626358501635644
2022-05-04,3.216366808246106,0.36537790149911037
2022-05-05,3.2439544309602613,0.36836403712647137
2022-05-06,3.279087184684748,0.37177870748952324
2022-05-07,3.3187958242099045,0.3756281897651896
2022-05-08,3.3580093147045504,0.37979263855615114
2022-05-09,3.3906832315672326,0.3840054788374461
2022-05-10,3.410204798726532,0.38776099866382757
2022-05-11,3.410340414290343,0.3903820369997375
2022-05-12,3.386853002388986,0.3912167273742216
2022-05-13,3.338310668504791,0.3897820067216598
2022-05-14,3.266262301668654,0.3858710893127024
2022-05-15,3.175077300021021,0.3795762402805625
2022-05-16,3.0721164309200826,0.37132452831984053
2022-05-17,2.968095224459512,0.36203218323375463
2022-05-18,2.874560933921032,0.35290741525650504
2022-05-19,2.7996489219107894,0.344872100250536
2022-05-20,2.747011403240685,0.33833499639787784
2022-05-21,2.7176002315829,0.3334521939151137
2022-05-22,2.7111343399479937,0.33037091027158066
2022-05-23,2.726598776477683,0.32922942982236525
2022-05-24,2.7620243601246983,0.3300188094224068
2022-05-25,2.813537233654239,0.3324442456149237
2022-05-26,2.874999009723722,0.33595094837665174
2022-05-27,2.9396135361507114,0.3399762836464469
2022-05-28,3.0023686474910303,0.34422129217951414
2022-05-29,3.061025367086203,0.34869502176867867
2022-05-30,3.1150438636765134,0.35353437052548264
2022-05-31,3.1641582812419924,0.3588514121262442
2022-06-01,3.2080773920335384,0.3647499198923746
2022-06-02,3.246396608466103,0.37132390782989316
2022-06-03,3.2779529744314675,0.37852059130318444
2022-06-04,3.3006430719085027,0.38604012451081393
2022-06-05,3.312413859221443,0.39343825329293275
2022-06-06,3.3122869445385104,0.4003034339899698
2022-06-07,3.3000537019886576,0.4062505007033284
2022-06-08,3.275646345860325,0.41082685828714943
2022-06-09,3.239863484052899,0.4136150083199332
2022-06-10,3.196175956156798,0.4145573666973268
2022-06-11,3.151570481455039,0.4142132646305452
2022-06-12,3.1146416827941414,0.4135592913596199
2022-06-13,3.0921175864841794,0.4134448392069874
2022-06-14,3.086292685600797,0.41419970981807736
2022-06-15,3.0941366292966306,0.41555617643179865
2022-06-16,3.108942621489875,0.41689038557386077
2022-06-17,3.1247899937077115,0.41776959849349987
2022-06-18,3.1397763365082825,0.4183379327990589
2022-06-19,3.1546300407731676,0.41912195669137287
2022-06-20,3.170389334940281,0.4206912237288669
2022-06-21,3.188975553394345,0.4236688109116953
2022-06-22,3.213388759333956,0.42868736308870603
2022-06-23,3.2452221521002613,0.43601372480604994
2022-06-24,3.2831208801830694,0.445345611424721
2022-06-25,3.3233189225431072,0.4559071052158425
2022-06-26,3.3606883300992427,0.46660123102599443
2022-06-27,3.390393257645565,0.4762602082066731
2022-06-28,3.409058375680935,0.483902291492231
2022-06-29,3.415053860201331,0.48892943499095903
2022-06-30,3.4091519799231222,0.49131143510458614
2022-07-01,3.394486714779592,0.4915537845473104
2022-07-02,3.3748474731172546,0.4903902725519529
2022-07-03,3.3524968120387877,0.4883445348854452
2022-07-04,3.32682049205274,0.48539247573786576
2022-07-05,3.294836324834348,0.48105116781086926
2022-07-06,3.25363586622123,0.47486194805127063
2022-07-07,3.2030882585582443,0.4668342845622154
2022-07-08,3.1471968769065155,0.4575989988898769
2022-07-09,3.093423024892491,0.4483217502315772
2022-07-10,3.0497723183729084,0.4403540983800545
2022-07-11,3.0217359549656644,0.4347712127500616
2022-07-12,3.011113540285746,0.43206433720396864
2022-07-13,3.015628284059399,0.43196168159631904
2022-07-14,3.02942960321422,0.4335356317929042
2022-07-15,3.045917838231949,0.4357386703005531
2022-07-16,3.0611337374453464,0.4379017981580407
2022-07-17,3.0748231123215675,0.43979859786137987
2022-07-18,3.0887704484408958,0.44139112949638676
2022-07-19,3.1043677013219924,0.4425978394304488
2022-07-20,3.122020524287873,0.44340225673093686
2022-07-21,3.1426265162418567,0.4441616232614757
2022-07-22,3.168060784573425,0.445539440666131
2022-07-23,3.198672074404847,0.4479498458576435
2022-07-24,3.2305960153901823,0.45114186826035146
2022-07-25,3.2561252386611232,0.4542717363967033
2022-07-26,3.2670164563950177,0.4562840267956424
2022-07-27,3.2591461900535865,0.45647769111598147
2022-07-28,3.23497757819009,0.45488568340954555
2022-07-29,3.201013730661606,0.4520458702904478
2022-07-30,3.163745196723786,0.4485394689874979
2022-07-31,3.1286600948086147,0.44490969432990984
2022-08-01,3.1002470248588967,0.441726278628532
2022-08-02,3.0801044025462763,0.4393094186866687
2022-08-03,3.066740939282079,0.437564779833789
2022-08-04,3.0586379187815234,0.4362991554617061
2022-08-05,3.0554235807583163,0.43539318626843637
2022-08-06,3.0565903466210393,0.43471206238542026
2022-08-07,3.0619387148048847,0.43425726515202545
2022-08-08,3.073195259041687,0.4343892673478055
2022-08-09,3.0938646523232625,0.4357757578918437
2022-08-10,3.1265975982931793,0.43910152354556103
2022-08-11,3.169746143527788,0.4446218805442781
2022-08-12,3.216534457148458,0.4518646396972921
2022-08-13,3.258275490833115,0.4598692515504545
2022-08-14,3.2885610061474835,0.4677144991448878
2022-08-15,3.30513286359529,0.4747822821332841
2022-08-16,3.309523345820762,0.4806930093164242
2022-08-17,3.305056102111145,0.48507500577450047
2022-08-18,3.294544559349577,0.4874685595235439
2022-08-19,3.2798560463447517,0.48759251060633674
2022-08-20,3.2622728587765035,0.4855463770631732
2022-08-21,3.2432738491908912,0.48182945565764984
2022-08-22,3.2263129296457183,0.4774138531064445
2022-08-23,3.2163637798135545,0.47349325923242724
2022-08-24,3.216648652283564,0.47090882837268283
2022-08-25,3.2261571070772925,0.4697973680930951
2022-08-26,3.2400553802711993,0.4696637515467952
2022-08-27,3.2524667245600276,0.4697622941239957
2022-08-28,3.258566166285451,0.4693890529621793
2022-08-29,3.2543017517251114,0.4678481796723289
2022-08-30,3.235884541308125,0.4644089887664598
2022-08-31,3.2008046970421455,0.45852901641005644
2022-09-01,3.1491506782549274,0.4500731045413095
2022-09-02,3.0839775156059983,0.4392854221936195
2022-09-03,3.011355754819123,0.42678298005493015
2022-09-04,2.939179517123349,0.41353150944477307
2022-09-05,2.8741860426503263,0.40052884112281295
2022-09-06,2.82026318802302,0.3885094164763016
2022-09-07,2.7790870557060394,0.377892940633442
2022-09-08,2.7510206850882835,0.3688447851377119
2022-09-09,2.7357066102712113,0.3614399265420849
2022-09-10,2.7322624232169246,0.355754981134574
2022-09-11,2.73855092533539,0.3517355453665173
2022-09-12,2.7507789638588114,0.34910988346589333
2022-09-13,2.7641265903450223,0.3474459934597227
2022-09-14,2.773173272375377,0.346168108560124
2022-09-15,2.7727339548569843,0.3446394213849093
2022-09-16,2.760280524527692,0.3424469143199322
2022-09-17,2.737884355839967,0.33962403915232053
2022-09-18,2.711284063037374,0.33654409480124975
2022-09-19,2.687286498496047,0.3336623215888641
2022-09-20,2.6719221369577797,0.3313844794684631
2022-09-21,2.6696631807086533,0.3300336804201818
2022-09-22,2.6829311519989703,0.32980645000363273
2022-09-23,2.7113590153468694,0.33068112213832335
2022-09-24,2.751208621242945,0.332348761567321
2022-09-25,2.796520424100624,0.3343750827220953
2022-09-26,2.8418853520443954,0.3365204286161443
2022-09-27,2.884008877580176,0.33879807730573247
2022-09-28,2.9206632395591474,0.3412058513574299
2022-09-29,2.948910376848461,0.34349766969228046
2022-09-30,2.9651465316530876,0.34523187479032164
2022-10-01,2.96710431753239,0.34602769417432566
2022-10-02,2.9549951867324045,0.34571671125354886
2022-10-03,2.930473307286984,0.3442195932285928
2022-10-04,2.895474289622731,0.34140735180509396
2022-10-05,2.8521868761862463,0.3371470568404024
2022-10-06,2.803693005690361,0.33145107696533943
2022-10-07,2.7546050607969654,0.32462986914010217
2022-10-08,2.7108581563783063,0.3173297498712246
2022-10-09,2.6786909341363048,0.3103918731212452
2022-10-10,2.663575298999548,0.3046287668481904
2022-10-11,2.6691446197974953,0.3006143965783793
2022-10-12,2.696321522359392,0.2985644644017973
2022-10-13,2.743540928794006,0.29839985759321086
2022-10-14,2.8077716157592456,0.2999268541070456
2022-10-15,2.884856851010719,0.30292770423585164
2022-10-16,2.968934648517246,0.30708663867700103
2022-10-17,3.0524564832590717,0.31193613819778904
2022-10-18,3.1278854914646854,0.31700614341263045
2022-10-19,3.1898433255764633,0.3220206880897131
2022-10-20,3.2357393113913884,0.326876777963028
2022-10-21,3.264535760773439,0.33143928768322967
2022-10-22,3.275159870664756,0.3354224827334916
2022-10-23,3.2661607432654964,0.33843842442727673
2022-10-24,3.236829516294997,0.3400998222772606
2022-10-25,3.189149024816593,0.34021665905670145
2022-10-26,3.128384110504978,0.33893837935957943
2022-10-27,3.061040084877521,0.33657998244325477
2022-10-28,2.992768913595547,0.33339170269663004
2022-10-29,2.9285428148937056,0.32965321186478136
2022-10-30,2.8734260483832643,0.3258656565529868
2022-10-31,2.831221108517797,0.3225646190406972
2022-11-01,2.802490641865985,0.31997652267431814
2022-11-02,2.7846007415722536,0.3179841520972408
2022-11-03,2.773070268982668,0.3162666628038715
2022-11-04,2.7632158319608444,0.31440748296553905
2022-11-05,2.7519688348391966,0.3120395711756076
2022-11-06,2.7390888005671887,0.309026623120261
2022-11-07,2.726673178106221,0.3055023379193719
2022-11-08,2.7176686189059907,0.30177115486361894
2022-11-09,2.715123530491016,0.29824496392677863
2022-11-10,2.721758995218477,0.2953566075502585
2022-11-11,2.7393513041325046,0.29344004030373594
2022-11-12,2.768362344975143,0.2926829067495579
2022-11-13,2.807459466501179,0.293091007926413
2022-11-14,2.8530184413411552,0.2944538327370028
2022-11-15,2.8991450763790367,0.2963464898258919
2022-11-16,2.93854566587109,0.2981712964740904
2022-11-17,2.964630842079029,0.2993220843701321
2022-11-18,2.973922583229132,0.29943294504425
2022-11-19,2.967223722380954,0.2985264726992612
2022-11-20,2.9493893605883392,0.29700377655228893
2022-11-21,2.927775999869144,0.29548912517821907
2022-11-22,2.909721556148615,0.29455993718475876
2022-11-23,2.9006992146007526,0.2945562007697357
2022-11-24,2.9042781828860353,0.2956300575963939
2022-11-25,2.9232227191778564,0.29793486345307696
2022-11-26,2.959912972719437,0.3017163566735382
2022-11-27,3.0155885715813846,0.30721228027533276
2022-11-28,3.0904051049010097,0.3145776316906515
2022-11-29,3.1849144802709786,0.323993411650061
2022-11-30,3.300762447175812,0.3357685535139262
2022-12-01,3.4397309604545976,0.3503028513582677
2022-12-02,3.6027316894717334,0.3680324853625839
2022-12-03,3.7898901359871906,0.3894509710758608
2022-12-04,4.000499233509,0.4150931251272868
2022-12-05,4.231581231935051,0.44538761831633306
2022-12-06,4.476893980609262,0.48057703299688975
2022-12-07,4.728150348442188,0.5208409076022236
2022-12-08,4.97722782479958,0.5664539132302793
2022-12-09,5.217115654739196,0.6177980926504935
2022-12-10,5.440859362814936,0.6751817144671791
2022-12-11,5.641151581295169,0.7387033451633324
2022-12-12,5.812276204356848,0.8084157150170609
2022-12-13,5.95261458024103,0.8846556403134943
2022-12-14,6.066199664577227,0.9681990674142515
2022-12-15,6.162348193823086,1.0599773935574137
2022-12-16,6.253382985844659,1.1602961560568013
2022-12-17,6.278328382158075,1.2528296354810253
2022-12-18,5.522328534101526,1.1749817588053788
2022-12-19,5.011807140610786,1.1193532888023765
2022-12-20,4.76350850607476,1.0912731676893233
2022-12-21,4.798488076351367,1.0952725775293755
2022-12-22,5.151593556152876,1.1348561093981118
2022-12-23,5.868815440675529,1.2112819078021773
2022-12-24,5.739729084005282,1.08715072043373
2022-12-25,5.3379952617331625,0.9219916679954743
2022-12-26,4.925067012885893,0.7815366957479163
2022-12-27,4.552272656282015,0.673935958387745
2022-12-28,4.247552511883855,0.596717944662798
2022-12-29,4.013655107275265,0.5432528247939797
2022-12-30,3.8422930568841176,0.5071687273555107
2022-12-31,3.723491132876471,0.48358650976379886
